{"cameraMode":{"drawMode":0,"name":"Shaded","section":"Shading Mode"},"sceneLighting":false,"audioPlay":false,"sceneViewState":{"m_AlwaysRefresh":false,"showFog":true,"showSkybox":false,"showFlares":true,"showImageEffects":true,"showParticleSystems":true,"showVisualEffectGraphs":true,"m_FxEnabled":true},"in2DMode":false,"pivot":{"x":6.2802815437316898,"y":11.166426658630371,"z":1.8507494926452637},"rotation":{"x":-0.08552011847496033,"y":-0.44880276918411257,"z":0.043163809925317767,"w":-0.8885038495063782},"size":16.9517765045166,"orthographic":false}