{"cameraMode":{"drawMode":0,"name":"Shaded","section":"Shading Mode"},"sceneLighting":true,"audioPlay":false,"sceneViewState":{"m_AlwaysRefresh":false,"showFog":true,"showSkybox":true,"showFlares":true,"showImageEffects":true,"showParticleSystems":true,"showVisualEffectGraphs":true,"m_FxEnabled":true},"in2DMode":false,"pivot":{"x":1.0296788215637208,"y":0.8393243551254273,"z":0.21465861797332765},"rotation":{"x":-0.40449047088623049,"y":0.22427086532115937,"z":-0.10301460325717926,"w":-0.8806226849555969},"size":0.9446607232093811,"orthographic":false}