{"cameraMode":{"drawMode":0,"name":"Shaded","section":"Shading Mode"},"sceneLighting":true,"audioPlay":false,"sceneViewState":{"m_AlwaysRefresh":false,"showFog":true,"showSkybox":true,"showFlares":true,"showImageEffects":true,"showParticleSystems":true,"showVisualEffectGraphs":true,"m_FxEnabled":true},"in2DMode":false,"pivot":{"x":18.623008728027345,"y":4.491836071014404,"z":41.460487365722659},"rotation":{"x":0.09136822819709778,"y":0.2033241093158722,"z":-0.018804123625159265,"w":0.97469162940979},"size":12.549356460571289,"orthographic":false}