{"cameraMode":{"drawMode":0,"name":"Shaded","section":"Shading Mode"},"sceneLighting":true,"audioPlay":false,"sceneViewState":{"m_AlwaysRefresh":false,"showFog":true,"showSkybox":true,"showFlares":true,"showImageEffects":true,"showParticleSystems":true,"showVisualEffectGraphs":true,"m_FxEnabled":true},"in2DMode":false,"pivot":{"x":10.051071166992188,"y":2.308387279510498,"z":32.16057586669922},"rotation":{"x":0.1732567846775055,"y":0.20200377702713014,"z":-0.036100082099437717,"w":0.9632919430732727},"size":1.3553439378738404,"orthographic":false}