{"cameraMode":{"drawMode":0,"name":"Shaded","section":"Shading Mode"},"sceneLighting":true,"audioPlay":false,"sceneViewState":{"m_AlwaysRefresh":false,"showFog":true,"showSkybox":true,"showFlares":true,"showImageEffects":true,"showParticleSystems":true,"showVisualEffectGraphs":true,"m_FxEnabled":true},"in2DMode":false,"pivot":{"x":9.736989974975586,"y":6.115781784057617,"z":21.752994537353517},"rotation":{"x":0.25608447194099429,"y":0.0811593160033226,"z":-0.021322378888726236,"w":0.9630395770072937},"size":0.827796995639801,"orthographic":false}