{"cameraMode":{"drawMode":0,"name":"Shaded","section":"Shading Mode"},"sceneLighting":false,"audioPlay":false,"sceneViewState":{"m_AlwaysRefresh":false,"showFog":true,"showSkybox":false,"showFlares":true,"showImageEffects":true,"showParticleSystems":true,"showVisualEffectGraphs":true,"m_FxEnabled":true},"in2DMode":false,"pivot":{"x":10.186734199523926,"y":1.270362138748169,"z":13.463290214538575},"rotation":{"x":-0.29632773995399477,"y":0.4784241020679474,"z":-0.17549651861190797,"w":-0.8077815175056458},"size":0.48324495553970339,"orthographic":false}