{"cameraMode":{"drawMode":0,"name":"Shaded","section":"Shading Mode"},"sceneLighting":false,"audioPlay":false,"sceneViewState":{"m_AlwaysRefresh":false,"showFog":true,"showSkybox":false,"showFlares":true,"showImageEffects":true,"showParticleSystems":true,"showVisualEffectGraphs":true,"m_FxEnabled":true},"in2DMode":false,"pivot":{"x":-2.370769500732422,"y":6.114935874938965,"z":1.8360881805419922},"rotation":{"x":0.004383048042654991,"y":0.8167259693145752,"z":0.0061571188271045689,"w":-0.5770110487937927},"size":17.87417221069336,"orthographic":false}