{"cameraMode":{"drawMode":0,"name":"Shaded","section":"Shading Mode"},"sceneLighting":false,"audioPlay":false,"sceneViewState":{"m_AlwaysRefresh":false,"showFog":true,"showSkybox":false,"showFlares":true,"showImageEffects":true,"showParticleSystems":true,"showVisualEffectGraphs":true,"m_FxEnabled":true},"in2DMode":false,"pivot":{"x":-0.29681214690208437,"y":0.011720344424247742,"z":0.06424880027770996},"rotation":{"x":0.03413383290171623,"y":-0.9288181662559509,"z":0.3582022190093994,"w":0.08850855380296707},"size":0.759835958480835,"orthographic":false}